age,sex,nat,year,spatial_unit,n
0,m,ch,2025,1,428
1,m,ch,2025,1,446
2,m,ch,2025,1,430
3,m,ch,2025,1,445
4,m,ch,2025,1,526
5,m,ch,2025,1,527
6,m,ch,2025,1,480
7,m,ch,2025,1,496
8,m,ch,2025,1,489
9,m,ch,2025,1,490
10,m,ch,2025,1,492
11,m,ch,2025,1,504
12,m,ch,2025,1,487
13,m,ch,2025,1,485
14,m,ch,2025,1,517
15,m,ch,2025,1,503
16,m,ch,2025,1,523
17,m,ch,2025,1,500
18,m,ch,2025,1,484
19,m,ch,2025,1,483
20,m,ch,2025,1,493
21,m,ch,2025,1,489
22,m,ch,2025,1,525
23,m,ch,2025,1,471
24,m,ch,2025,1,557
25,m,ch,2025,1,630
26,m,ch,2025,1,663
27,m,ch,2025,1,706
28,m,ch,2025,1,694
29,m,ch,2025,1,818
30,m,ch,2025,1,754
31,m,ch,2025,1,702
32,m,ch,2025,1,815
33,m,ch,2025,1,808
34,m,ch,2025,1,753
35,m,ch,2025,1,754
36,m,ch,2025,1,744
37,m,ch,2025,1,693
38,m,ch,2025,1,674
39,m,ch,2025,1,733
40,m,ch,2025,1,639
41,m,ch,2025,1,728
42,m,ch,2025,1,684
43,m,ch,2025,1,654
44,m,ch,2025,1,642
45,m,ch,2025,1,626
46,m,ch,2025,1,645
47,m,ch,2025,1,588
48,m,ch,2025,1,572
49,m,ch,2025,1,538
50,m,ch,2025,1,608
51,m,ch,2025,1,581
52,m,ch,2025,1,605
53,m,ch,2025,1,597
54,m,ch,2025,1,664
55,m,ch,2025,1,651
56,m,ch,2025,1,635
57,m,ch,2025,1,690
58,m,ch,2025,1,687
59,m,ch,2025,1,751
60,m,ch,2025,1,697
61,m,ch,2025,1,705
62,m,ch,2025,1,687
63,m,ch,2025,1,655
64,m,ch,2025,1,676
65,m,ch,2025,1,614
66,m,ch,2025,1,615
67,m,ch,2025,1,571
68,m,ch,2025,1,569
69,m,ch,2025,1,565
70,m,ch,2025,1,557
71,m,ch,2025,1,537
72,m,ch,2025,1,472
73,m,ch,2025,1,492
74,m,ch,2025,1,431
75,m,ch,2025,1,429
76,m,ch,2025,1,424
77,m,ch,2025,1,427
78,m,ch,2025,1,449
79,m,ch,2025,1,429
80,m,ch,2025,1,419
81,m,ch,2025,1,374
82,m,ch,2025,1,358
83,m,ch,2025,1,340
84,m,ch,2025,1,305
85,m,ch,2025,1,205
86,m,ch,2025,1,223
87,m,ch,2025,1,194
88,m,ch,2025,1,167
89,m,ch,2025,1,124
90,m,ch,2025,1,119
91,m,ch,2025,1,117
92,m,ch,2025,1,62
93,m,ch,2025,1,65
94,m,ch,2025,1,49
95,m,ch,2025,1,39
96,m,ch,2025,1,20
97,m,ch,2025,1,16
98,m,ch,2025,1,10
99,m,ch,2025,1,2
100,m,ch,2025,1,9
0,f,ch,2025,1,430
1,f,ch,2025,1,401
2,f,ch,2025,1,439
3,f,ch,2025,1,434
4,f,ch,2025,1,509
5,f,ch,2025,1,459
6,f,ch,2025,1,446
7,f,ch,2025,1,478
8,f,ch,2025,1,471
9,f,ch,2025,1,461
10,f,ch,2025,1,526
11,f,ch,2025,1,442
12,f,ch,2025,1,449
13,f,ch,2025,1,468
14,f,ch,2025,1,482
15,f,ch,2025,1,498
16,f,ch,2025,1,462
17,f,ch,2025,1,487
18,f,ch,2025,1,442
19,f,ch,2025,1,469
20,f,ch,2025,1,490
21,f,ch,2025,1,498
22,f,ch,2025,1,506
23,f,ch,2025,1,537
24,f,ch,2025,1,518
25,f,ch,2025,1,624
26,f,ch,2025,1,713
27,f,ch,2025,1,710
28,f,ch,2025,1,707
29,f,ch,2025,1,750
30,f,ch,2025,1,735
31,f,ch,2025,1,735
32,f,ch,2025,1,714
33,f,ch,2025,1,730
34,f,ch,2025,1,754
35,f,ch,2025,1,727
36,f,ch,2025,1,658
37,f,ch,2025,1,694
38,f,ch,2025,1,697
39,f,ch,2025,1,660
40,f,ch,2025,1,652
41,f,ch,2025,1,657
42,f,ch,2025,1,652
43,f,ch,2025,1,665
44,f,ch,2025,1,618
45,f,ch,2025,1,601
46,f,ch,2025,1,576
47,f,ch,2025,1,580
48,f,ch,2025,1,596
49,f,ch,2025,1,666
50,f,ch,2025,1,605
51,f,ch,2025,1,576
52,f,ch,2025,1,594
53,f,ch,2025,1,585
54,f,ch,2025,1,668
55,f,ch,2025,1,686
56,f,ch,2025,1,702
57,f,ch,2025,1,785
58,f,ch,2025,1,714
59,f,ch,2025,1,763
60,f,ch,2025,1,733
61,f,ch,2025,1,788
62,f,ch,2025,1,781
63,f,ch,2025,1,711
64,f,ch,2025,1,684
65,f,ch,2025,1,671
66,f,ch,2025,1,664
67,f,ch,2025,1,680
68,f,ch,2025,1,694
69,f,ch,2025,1,635
70,f,ch,2025,1,572
71,f,ch,2025,1,607
72,f,ch,2025,1,586
73,f,ch,2025,1,586
74,f,ch,2025,1,546
75,f,ch,2025,1,568
76,f,ch,2025,1,551
77,f,ch,2025,1,546
78,f,ch,2025,1,525
79,f,ch,2025,1,570
80,f,ch,2025,1,519
81,f,ch,2025,1,537
82,f,ch,2025,1,496
83,f,ch,2025,1,456
84,f,ch,2025,1,397
85,f,ch,2025,1,336
86,f,ch,2025,1,339
87,f,ch,2025,1,296
88,f,ch,2025,1,259
89,f,ch,2025,1,262
90,f,ch,2025,1,226
91,f,ch,2025,1,191
92,f,ch,2025,1,157
93,f,ch,2025,1,116
94,f,ch,2025,1,95
95,f,ch,2025,1,95
96,f,ch,2025,1,70
97,f,ch,2025,1,55
98,f,ch,2025,1,29
99,f,ch,2025,1,15
100,f,ch,2025,1,30
0,m,int,2025,1,228
1,m,int,2025,1,233
2,m,int,2025,1,254
3,m,int,2025,1,261
4,m,int,2025,1,260
5,m,int,2025,1,220
6,m,int,2025,1,250
7,m,int,2025,1,256
8,m,int,2025,1,241
9,m,int,2025,1,277
10,m,int,2025,1,230
11,m,int,2025,1,258
12,m,int,2025,1,262
13,m,int,2025,1,237
14,m,int,2025,1,245
15,m,int,2025,1,205
16,m,int,2025,1,200
17,m,int,2025,1,283
18,m,int,2025,1,217
19,m,int,2025,1,267
20,m,int,2025,1,231
21,m,int,2025,1,205
22,m,int,2025,1,208
23,m,int,2025,1,231
24,m,int,2025,1,257
25,m,int,2025,1,333
26,m,int,2025,1,331
27,m,int,2025,1,414
28,m,int,2025,1,450
29,m,int,2025,1,458
30,m,int,2025,1,468
31,m,int,2025,1,507
32,m,int,2025,1,512
33,m,int,2025,1,470
34,m,int,2025,1,548
35,m,int,2025,1,573
36,m,int,2025,1,576
37,m,int,2025,1,498
38,m,int,2025,1,528
39,m,int,2025,1,537
40,m,int,2025,1,509
41,m,int,2025,1,521
42,m,int,2025,1,471
43,m,int,2025,1,494
44,m,int,2025,1,461
45,m,int,2025,1,476
46,m,int,2025,1,439
47,m,int,2025,1,423
48,m,int,2025,1,423
49,m,int,2025,1,409
50,m,int,2025,1,397
51,m,int,2025,1,353
52,m,int,2025,1,377
53,m,int,2025,1,341
54,m,int,2025,1,341
55,m,int,2025,1,305
56,m,int,2025,1,314
57,m,int,2025,1,292
58,m,int,2025,1,288
59,m,int,2025,1,285
60,m,int,2025,1,309
61,m,int,2025,1,278
62,m,int,2025,1,241
63,m,int,2025,1,241
64,m,int,2025,1,200
65,m,int,2025,1,192
66,m,int,2025,1,157
67,m,int,2025,1,145
68,m,int,2025,1,121
69,m,int,2025,1,113
70,m,int,2025,1,126
71,m,int,2025,1,96
72,m,int,2025,1,100
73,m,int,2025,1,89
74,m,int,2025,1,84
75,m,int,2025,1,105
76,m,int,2025,1,82
77,m,int,2025,1,73
78,m,int,2025,1,62
79,m,int,2025,1,71
80,m,int,2025,1,61
81,m,int,2025,1,61
82,m,int,2025,1,65
83,m,int,2025,1,60
84,m,int,2025,1,48
85,m,int,2025,1,50
86,m,int,2025,1,43
87,m,int,2025,1,34
88,m,int,2025,1,27
89,m,int,2025,1,22
90,m,int,2025,1,21
91,m,int,2025,1,10
92,m,int,2025,1,7
93,m,int,2025,1,1
94,m,int,2025,1,6
95,m,int,2025,1,1
96,m,int,2025,1,2
97,m,int,2025,1,1
98,m,int,2025,1,0
99,m,int,2025,1,0
100,m,int,2025,1,0
0,f,int,2025,1,186
1,f,int,2025,1,190
2,f,int,2025,1,226
3,f,int,2025,1,198
4,f,int,2025,1,235
5,f,int,2025,1,229
6,f,int,2025,1,237
7,f,int,2025,1,225
8,f,int,2025,1,209
9,f,int,2025,1,219
10,f,int,2025,1,221
11,f,int,2025,1,238
12,f,int,2025,1,216
13,f,int,2025,1,219
14,f,int,2025,1,187
15,f,int,2025,1,194
16,f,int,2025,1,181
17,f,int,2025,1,179
18,f,int,2025,1,167
19,f,int,2025,1,162
20,f,int,2025,1,168
21,f,int,2025,1,172
22,f,int,2025,1,179
23,f,int,2025,1,188
24,f,int,2025,1,221
25,f,int,2025,1,260
26,f,int,2025,1,304
27,f,int,2025,1,363
28,f,int,2025,1,365
29,f,int,2025,1,384
30,f,int,2025,1,409
31,f,int,2025,1,469
32,f,int,2025,1,463
33,f,int,2025,1,513
34,f,int,2025,1,465
35,f,int,2025,1,489
36,f,int,2025,1,463
37,f,int,2025,1,462
38,f,int,2025,1,407
39,f,int,2025,1,447
40,f,int,2025,1,458
41,f,int,2025,1,453
42,f,int,2025,1,423
43,f,int,2025,1,435
44,f,int,2025,1,417
45,f,int,2025,1,417
46,f,int,2025,1,370
47,f,int,2025,1,388
48,f,int,2025,1,349
49,f,int,2025,1,354
50,f,int,2025,1,332
51,f,int,2025,1,309
52,f,int,2025,1,295
53,f,int,2025,1,318
54,f,int,2025,1,249
55,f,int,2025,1,267
56,f,int,2025,1,259
57,f,int,2025,1,238
58,f,int,2025,1,257
59,f,int,2025,1,257
60,f,int,2025,1,234
61,f,int,2025,1,226
62,f,int,2025,1,193
63,f,int,2025,1,177
64,f,int,2025,1,167
65,f,int,2025,1,179
66,f,int,2025,1,148
67,f,int,2025,1,148
68,f,int,2025,1,128
69,f,int,2025,1,123
70,f,int,2025,1,110
71,f,int,2025,1,117
72,f,int,2025,1,107
73,f,int,2025,1,95
74,f,int,2025,1,87
75,f,int,2025,1,91
76,f,int,2025,1,79
77,f,int,2025,1,86
78,f,int,2025,1,76
79,f,int,2025,1,61
80,f,int,2025,1,55
81,f,int,2025,1,53
82,f,int,2025,1,51
83,f,int,2025,1,47
84,f,int,2025,1,52
85,f,int,2025,1,62
86,f,int,2025,1,45
87,f,int,2025,1,52
88,f,int,2025,1,42
89,f,int,2025,1,14
90,f,int,2025,1,26
91,f,int,2025,1,16
92,f,int,2025,1,12
93,f,int,2025,1,9
94,f,int,2025,1,4
95,f,int,2025,1,6
96,f,int,2025,1,7
97,f,int,2025,1,7
98,f,int,2025,1,1
99,f,int,2025,1,2
100,f,int,2025,1,1
0,m,ch,2025,2,653
1,m,ch,2025,2,668
2,m,ch,2025,2,665
3,m,ch,2025,2,744
4,m,ch,2025,2,839
5,m,ch,2025,2,742
6,m,ch,2025,2,787
7,m,ch,2025,2,796
8,m,ch,2025,2,775
9,m,ch,2025,2,742
10,m,ch,2025,2,782
11,m,ch,2025,2,827
12,m,ch,2025,2,793
13,m,ch,2025,2,813
14,m,ch,2025,2,801
15,m,ch,2025,2,782
16,m,ch,2025,2,772
17,m,ch,2025,2,804
18,m,ch,2025,2,762
19,m,ch,2025,2,818
20,m,ch,2025,2,734
21,m,ch,2025,2,782
22,m,ch,2025,2,760
23,m,ch,2025,2,718
24,m,ch,2025,2,705
25,m,ch,2025,2,759
26,m,ch,2025,2,732
27,m,ch,2025,2,739
28,m,ch,2025,2,700
29,m,ch,2025,2,801
30,m,ch,2025,2,734
31,m,ch,2025,2,745
32,m,ch,2025,2,808
33,m,ch,2025,2,836
34,m,ch,2025,2,820
35,m,ch,2025,2,812
36,m,ch,2025,2,862
37,m,ch,2025,2,875
38,m,ch,2025,2,869
39,m,ch,2025,2,896
40,m,ch,2025,2,810
41,m,ch,2025,2,898
42,m,ch,2025,2,844
43,m,ch,2025,2,962
44,m,ch,2025,2,922
45,m,ch,2025,2,916
46,m,ch,2025,2,885
47,m,ch,2025,2,828
48,m,ch,2025,2,863
49,m,ch,2025,2,811
50,m,ch,2025,2,786
51,m,ch,2025,2,879
52,m,ch,2025,2,854
53,m,ch,2025,2,847
54,m,ch,2025,2,870
55,m,ch,2025,2,946
56,m,ch,2025,2,1005
57,m,ch,2025,2,1022
58,m,ch,2025,2,1040
59,m,ch,2025,2,1072
60,m,ch,2025,2,1094
61,m,ch,2025,2,1022
62,m,ch,2025,2,1021
63,m,ch,2025,2,984
64,m,ch,2025,2,945
65,m,ch,2025,2,908
66,m,ch,2025,2,850
67,m,ch,2025,2,832
68,m,ch,2025,2,853
69,m,ch,2025,2,798
70,m,ch,2025,2,782
71,m,ch,2025,2,729
72,m,ch,2025,2,747
73,m,ch,2025,2,638
74,m,ch,2025,2,665
75,m,ch,2025,2,662
76,m,ch,2025,2,680
77,m,ch,2025,2,632
78,m,ch,2025,2,624
79,m,ch,2025,2,608
80,m,ch,2025,2,562
81,m,ch,2025,2,546
82,m,ch,2025,2,476
83,m,ch,2025,2,443
84,m,ch,2025,2,357
85,m,ch,2025,2,276
86,m,ch,2025,2,236
87,m,ch,2025,2,246
88,m,ch,2025,2,215
89,m,ch,2025,2,179
90,m,ch,2025,2,128
91,m,ch,2025,2,113
92,m,ch,2025,2,90
93,m,ch,2025,2,68
94,m,ch,2025,2,55
95,m,ch,2025,2,34
96,m,ch,2025,2,22
97,m,ch,2025,2,19
98,m,ch,2025,2,8
99,m,ch,2025,2,5
100,m,ch,2025,2,9
0,f,ch,2025,2,600
1,f,ch,2025,2,686
2,f,ch,2025,2,688
3,f,ch,2025,2,683
4,f,ch,2025,2,734
5,f,ch,2025,2,680
6,f,ch,2025,2,732
7,f,ch,2025,2,692
8,f,ch,2025,2,741
9,f,ch,2025,2,763
10,f,ch,2025,2,697
11,f,ch,2025,2,729
12,f,ch,2025,2,735
13,f,ch,2025,2,753
14,f,ch,2025,2,716
15,f,ch,2025,2,809
16,f,ch,2025,2,764
17,f,ch,2025,2,785
18,f,ch,2025,2,741
19,f,ch,2025,2,711
20,f,ch,2025,2,686
21,f,ch,2025,2,733
22,f,ch,2025,2,700
23,f,ch,2025,2,669
24,f,ch,2025,2,733
25,f,ch,2025,2,767
26,f,ch,2025,2,746
27,f,ch,2025,2,754
28,f,ch,2025,2,716
29,f,ch,2025,2,744
30,f,ch,2025,2,757
31,f,ch,2025,2,767
32,f,ch,2025,2,817
33,f,ch,2025,2,878
34,f,ch,2025,2,843
35,f,ch,2025,2,934
36,f,ch,2025,2,882
37,f,ch,2025,2,932
38,f,ch,2025,2,887
39,f,ch,2025,2,888
40,f,ch,2025,2,867
41,f,ch,2025,2,878
42,f,ch,2025,2,856
43,f,ch,2025,2,957
44,f,ch,2025,2,938
45,f,ch,2025,2,906
46,f,ch,2025,2,946
47,f,ch,2025,2,803
48,f,ch,2025,2,883
49,f,ch,2025,2,915
50,f,ch,2025,2,857
51,f,ch,2025,2,859
52,f,ch,2025,2,851
53,f,ch,2025,2,924
54,f,ch,2025,2,972
55,f,ch,2025,2,1043
56,f,ch,2025,2,959
57,f,ch,2025,2,1095
58,f,ch,2025,2,1056
59,f,ch,2025,2,1090
60,f,ch,2025,2,1068
61,f,ch,2025,2,1110
62,f,ch,2025,2,1093
63,f,ch,2025,2,1054
64,f,ch,2025,2,1028
65,f,ch,2025,2,937
66,f,ch,2025,2,985
67,f,ch,2025,2,927
68,f,ch,2025,2,861
69,f,ch,2025,2,881
70,f,ch,2025,2,888
71,f,ch,2025,2,819
72,f,ch,2025,2,827
73,f,ch,2025,2,792
74,f,ch,2025,2,743
75,f,ch,2025,2,766
76,f,ch,2025,2,750
77,f,ch,2025,2,717
78,f,ch,2025,2,750
79,f,ch,2025,2,667
80,f,ch,2025,2,674
81,f,ch,2025,2,622
82,f,ch,2025,2,654
83,f,ch,2025,2,562
84,f,ch,2025,2,489
85,f,ch,2025,2,382
86,f,ch,2025,2,360
87,f,ch,2025,2,314
88,f,ch,2025,2,309
89,f,ch,2025,2,271
90,f,ch,2025,2,217
91,f,ch,2025,2,212
92,f,ch,2025,2,159
93,f,ch,2025,2,160
94,f,ch,2025,2,106
95,f,ch,2025,2,73
96,f,ch,2025,2,54
97,f,ch,2025,2,30
98,f,ch,2025,2,29
99,f,ch,2025,2,22
100,f,ch,2025,2,22
0,m,int,2025,2,326
1,m,int,2025,2,344
2,m,int,2025,2,326
3,m,int,2025,2,393
4,m,int,2025,2,412
5,m,int,2025,2,414
6,m,int,2025,2,427
7,m,int,2025,2,398
8,m,int,2025,2,411
9,m,int,2025,2,434
10,m,int,2025,2,397
11,m,int,2025,2,370
12,m,int,2025,2,372
13,m,int,2025,2,385
14,m,int,2025,2,331
15,m,int,2025,2,357
16,m,int,2025,2,327
17,m,int,2025,2,421
18,m,int,2025,2,370
19,m,int,2025,2,368
20,m,int,2025,2,417
21,m,int,2025,2,365
22,m,int,2025,2,342
23,m,int,2025,2,389
24,m,int,2025,2,416
25,m,int,2025,2,495
26,m,int,2025,2,478
27,m,int,2025,2,531
28,m,int,2025,2,574
29,m,int,2025,2,642
30,m,int,2025,2,594
31,m,int,2025,2,619
32,m,int,2025,2,658
33,m,int,2025,2,682
34,m,int,2025,2,735
35,m,int,2025,2,792
36,m,int,2025,2,763
37,m,int,2025,2,732
38,m,int,2025,2,753
39,m,int,2025,2,716
40,m,int,2025,2,706
41,m,int,2025,2,747
42,m,int,2025,2,730
43,m,int,2025,2,713
44,m,int,2025,2,700
45,m,int,2025,2,690
46,m,int,2025,2,651
47,m,int,2025,2,665
48,m,int,2025,2,601
49,m,int,2025,2,605
50,m,int,2025,2,555
51,m,int,2025,2,558
52,m,int,2025,2,523
53,m,int,2025,2,528
54,m,int,2025,2,492
55,m,int,2025,2,473
56,m,int,2025,2,459
57,m,int,2025,2,490
58,m,int,2025,2,476
59,m,int,2025,2,403
60,m,int,2025,2,428
61,m,int,2025,2,394
62,m,int,2025,2,375
63,m,int,2025,2,320
64,m,int,2025,2,302
65,m,int,2025,2,271
66,m,int,2025,2,234
67,m,int,2025,2,228
68,m,int,2025,2,176
69,m,int,2025,2,199
70,m,int,2025,2,167
71,m,int,2025,2,177
72,m,int,2025,2,130
73,m,int,2025,2,130
74,m,int,2025,2,130
75,m,int,2025,2,142
76,m,int,2025,2,113
77,m,int,2025,2,120
78,m,int,2025,2,102
79,m,int,2025,2,90
80,m,int,2025,2,81
81,m,int,2025,2,89
82,m,int,2025,2,86
83,m,int,2025,2,70
84,m,int,2025,2,51
85,m,int,2025,2,72
86,m,int,2025,2,60
87,m,int,2025,2,48
88,m,int,2025,2,39
89,m,int,2025,2,30
90,m,int,2025,2,25
91,m,int,2025,2,13
92,m,int,2025,2,10
93,m,int,2025,2,7
94,m,int,2025,2,3
95,m,int,2025,2,2
96,m,int,2025,2,4
97,m,int,2025,2,0
98,m,int,2025,2,0
99,m,int,2025,2,0
100,m,int,2025,2,0
0,f,int,2025,2,272
1,f,int,2025,2,349
2,f,int,2025,2,315
3,f,int,2025,2,359
4,f,int,2025,2,382
5,f,int,2025,2,400
6,f,int,2025,2,379
7,f,int,2025,2,375
8,f,int,2025,2,382
9,f,int,2025,2,383
10,f,int,2025,2,353
11,f,int,2025,2,355
12,f,int,2025,2,349
13,f,int,2025,2,360
14,f,int,2025,2,319
15,f,int,2025,2,339
16,f,int,2025,2,306
17,f,int,2025,2,290
18,f,int,2025,2,306
19,f,int,2025,2,241
20,f,int,2025,2,316
21,f,int,2025,2,313
22,f,int,2025,2,292
23,f,int,2025,2,314
24,f,int,2025,2,358
25,f,int,2025,2,407
26,f,int,2025,2,426
27,f,int,2025,2,477
28,f,int,2025,2,506
29,f,int,2025,2,522
30,f,int,2025,2,572
31,f,int,2025,2,554
32,f,int,2025,2,525
33,f,int,2025,2,628
34,f,int,2025,2,655
35,f,int,2025,2,653
36,f,int,2025,2,616
37,f,int,2025,2,686
38,f,int,2025,2,661
39,f,int,2025,2,629
40,f,int,2025,2,638
41,f,int,2025,2,642
42,f,int,2025,2,637
43,f,int,2025,2,633
44,f,int,2025,2,601
45,f,int,2025,2,596
46,f,int,2025,2,515
47,f,int,2025,2,553
48,f,int,2025,2,533
49,f,int,2025,2,501
50,f,int,2025,2,485
51,f,int,2025,2,504
52,f,int,2025,2,444
53,f,int,2025,2,458
54,f,int,2025,2,444
55,f,int,2025,2,412
56,f,int,2025,2,396
57,f,int,2025,2,380
58,f,int,2025,2,374
59,f,int,2025,2,335
60,f,int,2025,2,332
61,f,int,2025,2,350
62,f,int,2025,2,294
63,f,int,2025,2,284
64,f,int,2025,2,246
65,f,int,2025,2,255
66,f,int,2025,2,222
67,f,int,2025,2,203
68,f,int,2025,2,176
69,f,int,2025,2,172
70,f,int,2025,2,186
71,f,int,2025,2,174
72,f,int,2025,2,157
73,f,int,2025,2,150
74,f,int,2025,2,156
75,f,int,2025,2,133
76,f,int,2025,2,130
77,f,int,2025,2,119
78,f,int,2025,2,82
79,f,int,2025,2,98
80,f,int,2025,2,68
81,f,int,2025,2,81
82,f,int,2025,2,65
83,f,int,2025,2,74
84,f,int,2025,2,58
85,f,int,2025,2,67
86,f,int,2025,2,65
87,f,int,2025,2,45
88,f,int,2025,2,41
89,f,int,2025,2,21
90,f,int,2025,2,27
91,f,int,2025,2,18
92,f,int,2025,2,14
93,f,int,2025,2,6
94,f,int,2025,2,12
95,f,int,2025,2,5
96,f,int,2025,2,5
97,f,int,2025,2,1
98,f,int,2025,2,3
99,f,int,2025,2,1
100,f,int,2025,2,0
0,m,ch,2025,3,234
1,m,ch,2025,3,229
2,m,ch,2025,3,251
3,m,ch,2025,3,245
4,m,ch,2025,3,247
5,m,ch,2025,3,272
6,m,ch,2025,3,269
7,m,ch,2025,3,255
8,m,ch,2025,3,282
9,m,ch,2025,3,247
10,m,ch,2025,3,273
11,m,ch,2025,3,295
12,m,ch,2025,3,272
13,m,ch,2025,3,260
14,m,ch,2025,3,297
15,m,ch,2025,3,300
16,m,ch,2025,3,268
17,m,ch,2025,3,264
18,m,ch,2025,3,265
19,m,ch,2025,3,277
20,m,ch,2025,3,286
21,m,ch,2025,3,280
22,m,ch,2025,3,278
23,m,ch,2025,3,278
24,m,ch,2025,3,257
25,m,ch,2025,3,285
26,m,ch,2025,3,262
27,m,ch,2025,3,309
28,m,ch,2025,3,292
29,m,ch,2025,3,293
30,m,ch,2025,3,289
31,m,ch,2025,3,280
32,m,ch,2025,3,301
33,m,ch,2025,3,318
34,m,ch,2025,3,306
35,m,ch,2025,3,317
36,m,ch,2025,3,326
37,m,ch,2025,3,314
38,m,ch,2025,3,279
39,m,ch,2025,3,308
40,m,ch,2025,3,317
41,m,ch,2025,3,297
42,m,ch,2025,3,281
43,m,ch,2025,3,280
44,m,ch,2025,3,308
45,m,ch,2025,3,303
46,m,ch,2025,3,283
47,m,ch,2025,3,251
48,m,ch,2025,3,263
49,m,ch,2025,3,261
50,m,ch,2025,3,285
51,m,ch,2025,3,288
52,m,ch,2025,3,296
53,m,ch,2025,3,322
54,m,ch,2025,3,364
55,m,ch,2025,3,366
56,m,ch,2025,3,351
57,m,ch,2025,3,374
58,m,ch,2025,3,389
59,m,ch,2025,3,411
60,m,ch,2025,3,399
61,m,ch,2025,3,450
62,m,ch,2025,3,407
63,m,ch,2025,3,417
64,m,ch,2025,3,396
65,m,ch,2025,3,382
66,m,ch,2025,3,338
67,m,ch,2025,3,367
68,m,ch,2025,3,336
69,m,ch,2025,3,352
70,m,ch,2025,3,353
71,m,ch,2025,3,321
72,m,ch,2025,3,305
73,m,ch,2025,3,332
74,m,ch,2025,3,278
75,m,ch,2025,3,268
76,m,ch,2025,3,268
77,m,ch,2025,3,265
78,m,ch,2025,3,231
79,m,ch,2025,3,252
80,m,ch,2025,3,222
81,m,ch,2025,3,202
82,m,ch,2025,3,206
83,m,ch,2025,3,161
84,m,ch,2025,3,151
85,m,ch,2025,3,103
86,m,ch,2025,3,111
87,m,ch,2025,3,91
88,m,ch,2025,3,66
89,m,ch,2025,3,63
90,m,ch,2025,3,66
91,m,ch,2025,3,36
92,m,ch,2025,3,44
93,m,ch,2025,3,24
94,m,ch,2025,3,17
95,m,ch,2025,3,12
96,m,ch,2025,3,13
97,m,ch,2025,3,4
98,m,ch,2025,3,4
99,m,ch,2025,3,2
100,m,ch,2025,3,4
0,f,ch,2025,3,222
1,f,ch,2025,3,204
2,f,ch,2025,3,229
3,f,ch,2025,3,231
4,f,ch,2025,3,273
5,f,ch,2025,3,264
6,f,ch,2025,3,246
7,f,ch,2025,3,236
8,f,ch,2025,3,253
9,f,ch,2025,3,239
10,f,ch,2025,3,241
11,f,ch,2025,3,247
12,f,ch,2025,3,261
13,f,ch,2025,3,265
14,f,ch,2025,3,257
15,f,ch,2025,3,261
16,f,ch,2025,3,272
17,f,ch,2025,3,270
18,f,ch,2025,3,259
19,f,ch,2025,3,251
20,f,ch,2025,3,287
21,f,ch,2025,3,264
22,f,ch,2025,3,257
23,f,ch,2025,3,285
24,f,ch,2025,3,252
25,f,ch,2025,3,249
26,f,ch,2025,3,254
27,f,ch,2025,3,287
28,f,ch,2025,3,309
29,f,ch,2025,3,287
30,f,ch,2025,3,289
31,f,ch,2025,3,283
32,f,ch,2025,3,301
33,f,ch,2025,3,274
34,f,ch,2025,3,306
35,f,ch,2025,3,299
36,f,ch,2025,3,317
37,f,ch,2025,3,298
38,f,ch,2025,3,295
39,f,ch,2025,3,309
40,f,ch,2025,3,265
41,f,ch,2025,3,312
42,f,ch,2025,3,298
43,f,ch,2025,3,304
44,f,ch,2025,3,310
45,f,ch,2025,3,306
46,f,ch,2025,3,313
47,f,ch,2025,3,310
48,f,ch,2025,3,282
49,f,ch,2025,3,301
50,f,ch,2025,3,281
51,f,ch,2025,3,303
52,f,ch,2025,3,323
53,f,ch,2025,3,327
54,f,ch,2025,3,356
55,f,ch,2025,3,369
56,f,ch,2025,3,424
57,f,ch,2025,3,400
58,f,ch,2025,3,394
59,f,ch,2025,3,422
60,f,ch,2025,3,401
61,f,ch,2025,3,453
62,f,ch,2025,3,455
63,f,ch,2025,3,429
64,f,ch,2025,3,437
65,f,ch,2025,3,454
66,f,ch,2025,3,342
67,f,ch,2025,3,395
68,f,ch,2025,3,404
69,f,ch,2025,3,395
70,f,ch,2025,3,367
71,f,ch,2025,3,364
72,f,ch,2025,3,323
73,f,ch,2025,3,353
74,f,ch,2025,3,281
75,f,ch,2025,3,320
76,f,ch,2025,3,293
77,f,ch,2025,3,315
78,f,ch,2025,3,292
79,f,ch,2025,3,314
80,f,ch,2025,3,262
81,f,ch,2025,3,273
82,f,ch,2025,3,247
83,f,ch,2025,3,226
84,f,ch,2025,3,185
85,f,ch,2025,3,182
86,f,ch,2025,3,153
87,f,ch,2025,3,157
88,f,ch,2025,3,123
89,f,ch,2025,3,120
90,f,ch,2025,3,97
91,f,ch,2025,3,67
92,f,ch,2025,3,66
93,f,ch,2025,3,72
94,f,ch,2025,3,53
95,f,ch,2025,3,29
96,f,ch,2025,3,28
97,f,ch,2025,3,18
98,f,ch,2025,3,16
99,f,ch,2025,3,8
100,f,ch,2025,3,11
0,m,int,2025,3,123
1,m,int,2025,3,113
2,m,int,2025,3,135
3,m,int,2025,3,116
4,m,int,2025,3,141
5,m,int,2025,3,131
6,m,int,2025,3,148
7,m,int,2025,3,162
8,m,int,2025,3,147
9,m,int,2025,3,135
10,m,int,2025,3,129
11,m,int,2025,3,137
12,m,int,2025,3,109
13,m,int,2025,3,131
14,m,int,2025,3,120
15,m,int,2025,3,112
16,m,int,2025,3,134
17,m,int,2025,3,118
18,m,int,2025,3,140
19,m,int,2025,3,162
20,m,int,2025,3,125
21,m,int,2025,3,148
22,m,int,2025,3,126
23,m,int,2025,3,138
24,m,int,2025,3,173
25,m,int,2025,3,195
26,m,int,2025,3,213
27,m,int,2025,3,217
28,m,int,2025,3,231
29,m,int,2025,3,223
30,m,int,2025,3,238
31,m,int,2025,3,276
32,m,int,2025,3,274
33,m,int,2025,3,276
34,m,int,2025,3,287
35,m,int,2025,3,287
36,m,int,2025,3,255
37,m,int,2025,3,267
38,m,int,2025,3,275
39,m,int,2025,3,290
40,m,int,2025,3,273
41,m,int,2025,3,288
42,m,int,2025,3,275
43,m,int,2025,3,266
44,m,int,2025,3,290
45,m,int,2025,3,259
46,m,int,2025,3,278
47,m,int,2025,3,257
48,m,int,2025,3,242
49,m,int,2025,3,208
50,m,int,2025,3,216
51,m,int,2025,3,209
52,m,int,2025,3,203
53,m,int,2025,3,193
54,m,int,2025,3,213
55,m,int,2025,3,210
56,m,int,2025,3,196
57,m,int,2025,3,186
58,m,int,2025,3,191
59,m,int,2025,3,196
60,m,int,2025,3,178
61,m,int,2025,3,167
62,m,int,2025,3,159
63,m,int,2025,3,122
64,m,int,2025,3,129
65,m,int,2025,3,142
66,m,int,2025,3,83
67,m,int,2025,3,98
68,m,int,2025,3,68
69,m,int,2025,3,76
70,m,int,2025,3,69
71,m,int,2025,3,46
72,m,int,2025,3,61
73,m,int,2025,3,43
74,m,int,2025,3,32
75,m,int,2025,3,39
76,m,int,2025,3,41
77,m,int,2025,3,43
78,m,int,2025,3,22
79,m,int,2025,3,34
80,m,int,2025,3,22
81,m,int,2025,3,30
82,m,int,2025,3,17
83,m,int,2025,3,29
84,m,int,2025,3,27
85,m,int,2025,3,28
86,m,int,2025,3,21
87,m,int,2025,3,20
88,m,int,2025,3,8
89,m,int,2025,3,16
90,m,int,2025,3,9
91,m,int,2025,3,8
92,m,int,2025,3,1
93,m,int,2025,3,1
94,m,int,2025,3,0
95,m,int,2025,3,2
96,m,int,2025,3,2
97,m,int,2025,3,1
98,m,int,2025,3,1
99,m,int,2025,3,0
100,m,int,2025,3,0
0,f,int,2025,3,112
1,f,int,2025,3,123
2,f,int,2025,3,125
3,f,int,2025,3,126
4,f,int,2025,3,139
5,f,int,2025,3,132
6,f,int,2025,3,130
7,f,int,2025,3,137
8,f,int,2025,3,126
9,f,int,2025,3,132
10,f,int,2025,3,119
11,f,int,2025,3,143
12,f,int,2025,3,135
13,f,int,2025,3,126
14,f,int,2025,3,108
15,f,int,2025,3,121
16,f,int,2025,3,124
17,f,int,2025,3,107
18,f,int,2025,3,119
19,f,int,2025,3,109
20,f,int,2025,3,118
21,f,int,2025,3,137
22,f,int,2025,3,114
23,f,int,2025,3,123
24,f,int,2025,3,155
25,f,int,2025,3,154
26,f,int,2025,3,163
27,f,int,2025,3,193
28,f,int,2025,3,163
29,f,int,2025,3,174
30,f,int,2025,3,219
31,f,int,2025,3,210
32,f,int,2025,3,217
33,f,int,2025,3,230
34,f,int,2025,3,206
35,f,int,2025,3,225
36,f,int,2025,3,244
37,f,int,2025,3,220
38,f,int,2025,3,233
39,f,int,2025,3,224
40,f,int,2025,3,250
41,f,int,2025,3,211
42,f,int,2025,3,236
43,f,int,2025,3,249
44,f,int,2025,3,214
45,f,int,2025,3,198
46,f,int,2025,3,172
47,f,int,2025,3,216
48,f,int,2025,3,196
49,f,int,2025,3,181
50,f,int,2025,3,212
51,f,int,2025,3,147
52,f,int,2025,3,153
53,f,int,2025,3,184
54,f,int,2025,3,175
55,f,int,2025,3,146
56,f,int,2025,3,159
57,f,int,2025,3,157
58,f,int,2025,3,145
59,f,int,2025,3,122
60,f,int,2025,3,136
61,f,int,2025,3,131
62,f,int,2025,3,121
63,f,int,2025,3,93
64,f,int,2025,3,98
65,f,int,2025,3,103
66,f,int,2025,3,84
67,f,int,2025,3,79
68,f,int,2025,3,51
69,f,int,2025,3,60
70,f,int,2025,3,60
71,f,int,2025,3,47
72,f,int,2025,3,43
73,f,int,2025,3,41
74,f,int,2025,3,32
75,f,int,2025,3,53
76,f,int,2025,3,39
77,f,int,2025,3,44
78,f,int,2025,3,24
79,f,int,2025,3,32
80,f,int,2025,3,24
81,f,int,2025,3,27
82,f,int,2025,3,22
83,f,int,2025,3,29
84,f,int,2025,3,27
85,f,int,2025,3,24
86,f,int,2025,3,19
87,f,int,2025,3,12
88,f,int,2025,3,16
89,f,int,2025,3,9
90,f,int,2025,3,5
91,f,int,2025,3,9
92,f,int,2025,3,7
93,f,int,2025,3,3
94,f,int,2025,3,1
95,f,int,2025,3,0
96,f,int,2025,3,0
97,f,int,2025,3,3
98,f,int,2025,3,0
99,f,int,2025,3,0
100,f,int,2025,3,0
0,m,ch,2025,4,482
1,m,ch,2025,4,511
2,m,ch,2025,4,503
3,m,ch,2025,4,534
4,m,ch,2025,4,631
5,m,ch,2025,4,554
6,m,ch,2025,4,555
7,m,ch,2025,4,562
8,m,ch,2025,4,577
9,m,ch,2025,4,597
10,m,ch,2025,4,579
11,m,ch,2025,4,618
12,m,ch,2025,4,573
13,m,ch,2025,4,581
14,m,ch,2025,4,549
15,m,ch,2025,4,585
16,m,ch,2025,4,530
17,m,ch,2025,4,608
18,m,ch,2025,4,556
19,m,ch,2025,4,556
20,m,ch,2025,4,564
21,m,ch,2025,4,591
22,m,ch,2025,4,561
23,m,ch,2025,4,576
24,m,ch,2025,4,527
25,m,ch,2025,4,561
26,m,ch,2025,4,532
27,m,ch,2025,4,543
28,m,ch,2025,4,614
29,m,ch,2025,4,546
30,m,ch,2025,4,524
31,m,ch,2025,4,555
32,m,ch,2025,4,569
33,m,ch,2025,4,596
34,m,ch,2025,4,612
35,m,ch,2025,4,655
36,m,ch,2025,4,604
37,m,ch,2025,4,645
38,m,ch,2025,4,609
39,m,ch,2025,4,630
40,m,ch,2025,4,637
41,m,ch,2025,4,642
42,m,ch,2025,4,659
43,m,ch,2025,4,643
44,m,ch,2025,4,625
45,m,ch,2025,4,640
46,m,ch,2025,4,579
47,m,ch,2025,4,664
48,m,ch,2025,4,636
49,m,ch,2025,4,620
50,m,ch,2025,4,592
51,m,ch,2025,4,638
52,m,ch,2025,4,627
53,m,ch,2025,4,661
54,m,ch,2025,4,743
55,m,ch,2025,4,729
56,m,ch,2025,4,767
57,m,ch,2025,4,852
58,m,ch,2025,4,845
59,m,ch,2025,4,786
60,m,ch,2025,4,863
61,m,ch,2025,4,915
62,m,ch,2025,4,801
63,m,ch,2025,4,826
64,m,ch,2025,4,790
65,m,ch,2025,4,729
66,m,ch,2025,4,707
67,m,ch,2025,4,637
68,m,ch,2025,4,656
69,m,ch,2025,4,594
70,m,ch,2025,4,590
71,m,ch,2025,4,564
72,m,ch,2025,4,586
73,m,ch,2025,4,566
74,m,ch,2025,4,501
75,m,ch,2025,4,528
76,m,ch,2025,4,453
77,m,ch,2025,4,493
78,m,ch,2025,4,457
79,m,ch,2025,4,411
80,m,ch,2025,4,422
81,m,ch,2025,4,357
82,m,ch,2025,4,347
83,m,ch,2025,4,284
84,m,ch,2025,4,252
85,m,ch,2025,4,232
86,m,ch,2025,4,181
87,m,ch,2025,4,167
88,m,ch,2025,4,146
89,m,ch,2025,4,101
90,m,ch,2025,4,96
91,m,ch,2025,4,72
92,m,ch,2025,4,52
93,m,ch,2025,4,42
94,m,ch,2025,4,25
95,m,ch,2025,4,24
96,m,ch,2025,4,15
97,m,ch,2025,4,12
98,m,ch,2025,4,9
99,m,ch,2025,4,0
100,m,ch,2025,4,2
0,f,ch,2025,4,405
1,f,ch,2025,4,436
2,f,ch,2025,4,429
3,f,ch,2025,4,499
4,f,ch,2025,4,536
5,f,ch,2025,4,495
6,f,ch,2025,4,538
7,f,ch,2025,4,525
8,f,ch,2025,4,582
9,f,ch,2025,4,562
10,f,ch,2025,4,545
11,f,ch,2025,4,553
12,f,ch,2025,4,529
13,f,ch,2025,4,570
14,f,ch,2025,4,538
15,f,ch,2025,4,566
16,f,ch,2025,4,534
17,f,ch,2025,4,571
18,f,ch,2025,4,517
19,f,ch,2025,4,533
20,f,ch,2025,4,470
21,f,ch,2025,4,524
22,f,ch,2025,4,514
23,f,ch,2025,4,480
24,f,ch,2025,4,481
25,f,ch,2025,4,501
26,f,ch,2025,4,517
27,f,ch,2025,4,490
28,f,ch,2025,4,521
29,f,ch,2025,4,552
30,f,ch,2025,4,546
31,f,ch,2025,4,567
32,f,ch,2025,4,540
33,f,ch,2025,4,620
34,f,ch,2025,4,642
35,f,ch,2025,4,662
36,f,ch,2025,4,601
37,f,ch,2025,4,624
38,f,ch,2025,4,633
39,f,ch,2025,4,630
40,f,ch,2025,4,667
41,f,ch,2025,4,652
42,f,ch,2025,4,632
43,f,ch,2025,4,677
44,f,ch,2025,4,699
45,f,ch,2025,4,664
46,f,ch,2025,4,641
47,f,ch,2025,4,619
48,f,ch,2025,4,638
49,f,ch,2025,4,630
50,f,ch,2025,4,679
51,f,ch,2025,4,662
52,f,ch,2025,4,621
53,f,ch,2025,4,706
54,f,ch,2025,4,755
55,f,ch,2025,4,794
56,f,ch,2025,4,775
57,f,ch,2025,4,845
58,f,ch,2025,4,910
59,f,ch,2025,4,859
60,f,ch,2025,4,873
61,f,ch,2025,4,846
62,f,ch,2025,4,832
63,f,ch,2025,4,832
64,f,ch,2025,4,787
65,f,ch,2025,4,756
66,f,ch,2025,4,723
67,f,ch,2025,4,705
68,f,ch,2025,4,727
69,f,ch,2025,4,643
70,f,ch,2025,4,694
71,f,ch,2025,4,612
72,f,ch,2025,4,586
73,f,ch,2025,4,616
74,f,ch,2025,4,561
75,f,ch,2025,4,568
76,f,ch,2025,4,523
77,f,ch,2025,4,476
78,f,ch,2025,4,470
79,f,ch,2025,4,470
80,f,ch,2025,4,452
81,f,ch,2025,4,451
82,f,ch,2025,4,389
83,f,ch,2025,4,316
84,f,ch,2025,4,315
85,f,ch,2025,4,277
86,f,ch,2025,4,247
87,f,ch,2025,4,234
88,f,ch,2025,4,197
89,f,ch,2025,4,200
90,f,ch,2025,4,163
91,f,ch,2025,4,128
92,f,ch,2025,4,104
93,f,ch,2025,4,90
94,f,ch,2025,4,67
95,f,ch,2025,4,50
96,f,ch,2025,4,37
97,f,ch,2025,4,18
98,f,ch,2025,4,9
99,f,ch,2025,4,10
100,f,ch,2025,4,12
0,m,int,2025,4,174
1,m,int,2025,4,207
2,m,int,2025,4,185
3,m,int,2025,4,233
4,m,int,2025,4,203
5,m,int,2025,4,226
6,m,int,2025,4,229
7,m,int,2025,4,246
8,m,int,2025,4,220
9,m,int,2025,4,241
10,m,int,2025,4,220
11,m,int,2025,4,209
12,m,int,2025,4,203
13,m,int,2025,4,220
14,m,int,2025,4,217
15,m,int,2025,4,190
16,m,int,2025,4,173
17,m,int,2025,4,205
18,m,int,2025,4,207
19,m,int,2025,4,215
20,m,int,2025,4,221
21,m,int,2025,4,194
22,m,int,2025,4,229
23,m,int,2025,4,234
24,m,int,2025,4,263
25,m,int,2025,4,297
26,m,int,2025,4,321
27,m,int,2025,4,328
28,m,int,2025,4,349
29,m,int,2025,4,377
30,m,int,2025,4,343
31,m,int,2025,4,398
32,m,int,2025,4,397
33,m,int,2025,4,432
34,m,int,2025,4,440
35,m,int,2025,4,444
36,m,int,2025,4,436
37,m,int,2025,4,447
38,m,int,2025,4,473
39,m,int,2025,4,455
40,m,int,2025,4,474
41,m,int,2025,4,438
42,m,int,2025,4,445
43,m,int,2025,4,436
44,m,int,2025,4,445
45,m,int,2025,4,405
46,m,int,2025,4,412
47,m,int,2025,4,396
48,m,int,2025,4,396
49,m,int,2025,4,345
50,m,int,2025,4,378
51,m,int,2025,4,336
52,m,int,2025,4,333
53,m,int,2025,4,307
54,m,int,2025,4,290
55,m,int,2025,4,292
56,m,int,2025,4,340
57,m,int,2025,4,268
58,m,int,2025,4,295
59,m,int,2025,4,294
60,m,int,2025,4,269
61,m,int,2025,4,284
62,m,int,2025,4,224
63,m,int,2025,4,208
64,m,int,2025,4,176
65,m,int,2025,4,174
66,m,int,2025,4,142
67,m,int,2025,4,116
68,m,int,2025,4,122
69,m,int,2025,4,108
70,m,int,2025,4,115
71,m,int,2025,4,94
72,m,int,2025,4,68
73,m,int,2025,4,70
74,m,int,2025,4,83
75,m,int,2025,4,78
76,m,int,2025,4,56
77,m,int,2025,4,56
78,m,int,2025,4,60
79,m,int,2025,4,47
80,m,int,2025,4,33
81,m,int,2025,4,39
82,m,int,2025,4,36
83,m,int,2025,4,53
84,m,int,2025,4,28
85,m,int,2025,4,27
86,m,int,2025,4,24
87,m,int,2025,4,23
88,m,int,2025,4,10
89,m,int,2025,4,17
90,m,int,2025,4,13
91,m,int,2025,4,7
92,m,int,2025,4,5
93,m,int,2025,4,3
94,m,int,2025,4,2
95,m,int,2025,4,3
96,m,int,2025,4,0
97,m,int,2025,4,1
98,m,int,2025,4,0
99,m,int,2025,4,0
100,m,int,2025,4,0
0,f,int,2025,4,176
1,f,int,2025,4,179
2,f,int,2025,4,201
3,f,int,2025,4,195
4,f,int,2025,4,224
5,f,int,2025,4,234
6,f,int,2025,4,198
7,f,int,2025,4,194
8,f,int,2025,4,205
9,f,int,2025,4,223
10,f,int,2025,4,217
11,f,int,2025,4,211
12,f,int,2025,4,183
13,f,int,2025,4,173
14,f,int,2025,4,156
15,f,int,2025,4,221
16,f,int,2025,4,177
17,f,int,2025,4,172
18,f,int,2025,4,162
19,f,int,2025,4,155
20,f,int,2025,4,164
21,f,int,2025,4,179
22,f,int,2025,4,184
23,f,int,2025,4,197
24,f,int,2025,4,167
25,f,int,2025,4,237
26,f,int,2025,4,243
27,f,int,2025,4,263
28,f,int,2025,4,321
29,f,int,2025,4,322
30,f,int,2025,4,335
31,f,int,2025,4,332
32,f,int,2025,4,347
33,f,int,2025,4,346
34,f,int,2025,4,368
35,f,int,2025,4,400
36,f,int,2025,4,381
37,f,int,2025,4,389
38,f,int,2025,4,373
39,f,int,2025,4,382
40,f,int,2025,4,393
41,f,int,2025,4,375
42,f,int,2025,4,391
43,f,int,2025,4,371
44,f,int,2025,4,397
45,f,int,2025,4,375
46,f,int,2025,4,341
47,f,int,2025,4,310
48,f,int,2025,4,322
49,f,int,2025,4,303
50,f,int,2025,4,301
51,f,int,2025,4,278
52,f,int,2025,4,297
53,f,int,2025,4,313
54,f,int,2025,4,276
55,f,int,2025,4,222
56,f,int,2025,4,268
57,f,int,2025,4,241
58,f,int,2025,4,246
59,f,int,2025,4,215
60,f,int,2025,4,186
61,f,int,2025,4,187
62,f,int,2025,4,191
63,f,int,2025,4,153
64,f,int,2025,4,159
65,f,int,2025,4,133
66,f,int,2025,4,126
67,f,int,2025,4,114
68,f,int,2025,4,100
69,f,int,2025,4,84
70,f,int,2025,4,103
71,f,int,2025,4,89
72,f,int,2025,4,76
73,f,int,2025,4,61
74,f,int,2025,4,67
75,f,int,2025,4,47
76,f,int,2025,4,67
77,f,int,2025,4,65
78,f,int,2025,4,43
79,f,int,2025,4,50
80,f,int,2025,4,39
81,f,int,2025,4,39
82,f,int,2025,4,34
83,f,int,2025,4,43
84,f,int,2025,4,30
85,f,int,2025,4,23
86,f,int,2025,4,26
87,f,int,2025,4,16
88,f,int,2025,4,22
89,f,int,2025,4,14
90,f,int,2025,4,13
91,f,int,2025,4,5
92,f,int,2025,4,7
93,f,int,2025,4,4
94,f,int,2025,4,4
95,f,int,2025,4,3
96,f,int,2025,4,4
97,f,int,2025,4,1
98,f,int,2025,4,1
99,f,int,2025,4,1
100,f,int,2025,4,1
0,m,ch,2025,5,484
1,m,ch,2025,5,542
2,m,ch,2025,5,577
3,m,ch,2025,5,610
4,m,ch,2025,5,693
5,m,ch,2025,5,722
6,m,ch,2025,5,741
7,m,ch,2025,5,719
8,m,ch,2025,5,741
9,m,ch,2025,5,706
10,m,ch,2025,5,771
11,m,ch,2025,5,716
12,m,ch,2025,5,716
13,m,ch,2025,5,715
14,m,ch,2025,5,727
15,m,ch,2025,5,750
16,m,ch,2025,5,716
17,m,ch,2025,5,680
18,m,ch,2025,5,675
19,m,ch,2025,5,663
20,m,ch,2025,5,733
21,m,ch,2025,5,645
22,m,ch,2025,5,647
23,m,ch,2025,5,680
24,m,ch,2025,5,643
25,m,ch,2025,5,678
26,m,ch,2025,5,614
27,m,ch,2025,5,564
28,m,ch,2025,5,564
29,m,ch,2025,5,602
30,m,ch,2025,5,573
31,m,ch,2025,5,578
32,m,ch,2025,5,657
33,m,ch,2025,5,686
34,m,ch,2025,5,756
35,m,ch,2025,5,747
36,m,ch,2025,5,742
37,m,ch,2025,5,757
38,m,ch,2025,5,819
39,m,ch,2025,5,796
40,m,ch,2025,5,820
41,m,ch,2025,5,812
42,m,ch,2025,5,830
43,m,ch,2025,5,855
44,m,ch,2025,5,841
45,m,ch,2025,5,870
46,m,ch,2025,5,810
47,m,ch,2025,5,806
48,m,ch,2025,5,809
49,m,ch,2025,5,763
50,m,ch,2025,5,791
51,m,ch,2025,5,825
52,m,ch,2025,5,876
53,m,ch,2025,5,953
54,m,ch,2025,5,951
55,m,ch,2025,5,1048
56,m,ch,2025,5,1034
57,m,ch,2025,5,1097
58,m,ch,2025,5,1120
59,m,ch,2025,5,1098
60,m,ch,2025,5,1159
61,m,ch,2025,5,1163
62,m,ch,2025,5,1097
63,m,ch,2025,5,1091
64,m,ch,2025,5,1053
65,m,ch,2025,5,992
66,m,ch,2025,5,1013
67,m,ch,2025,5,952
68,m,ch,2025,5,932
69,m,ch,2025,5,875
70,m,ch,2025,5,835
71,m,ch,2025,5,806
72,m,ch,2025,5,767
73,m,ch,2025,5,746
74,m,ch,2025,5,691
75,m,ch,2025,5,680
76,m,ch,2025,5,612
77,m,ch,2025,5,633
78,m,ch,2025,5,576
79,m,ch,2025,5,550
80,m,ch,2025,5,477
81,m,ch,2025,5,457
82,m,ch,2025,5,419
83,m,ch,2025,5,324
84,m,ch,2025,5,330
85,m,ch,2025,5,230
86,m,ch,2025,5,203
87,m,ch,2025,5,189
88,m,ch,2025,5,162
89,m,ch,2025,5,111
90,m,ch,2025,5,107
91,m,ch,2025,5,91
92,m,ch,2025,5,50
93,m,ch,2025,5,52
94,m,ch,2025,5,32
95,m,ch,2025,5,30
96,m,ch,2025,5,17
97,m,ch,2025,5,5
98,m,ch,2025,5,6
99,m,ch,2025,5,2
100,m,ch,2025,5,4
0,f,ch,2025,5,524
1,f,ch,2025,5,531
2,f,ch,2025,5,566
3,f,ch,2025,5,635
4,f,ch,2025,5,713
5,f,ch,2025,5,669
6,f,ch,2025,5,670
7,f,ch,2025,5,724
8,f,ch,2025,5,653
9,f,ch,2025,5,723
10,f,ch,2025,5,703
11,f,ch,2025,5,702
12,f,ch,2025,5,694
13,f,ch,2025,5,681
14,f,ch,2025,5,683
15,f,ch,2025,5,690
16,f,ch,2025,5,642
17,f,ch,2025,5,649
18,f,ch,2025,5,658
19,f,ch,2025,5,655
20,f,ch,2025,5,600
21,f,ch,2025,5,605
22,f,ch,2025,5,610
23,f,ch,2025,5,622
24,f,ch,2025,5,596
25,f,ch,2025,5,555
26,f,ch,2025,5,525
27,f,ch,2025,5,531
28,f,ch,2025,5,577
29,f,ch,2025,5,590
30,f,ch,2025,5,600
31,f,ch,2025,5,625
32,f,ch,2025,5,660
33,f,ch,2025,5,751
34,f,ch,2025,5,719
35,f,ch,2025,5,741
36,f,ch,2025,5,787
37,f,ch,2025,5,803
38,f,ch,2025,5,813
39,f,ch,2025,5,845
40,f,ch,2025,5,805
41,f,ch,2025,5,866
42,f,ch,2025,5,930
43,f,ch,2025,5,853
44,f,ch,2025,5,912
45,f,ch,2025,5,859
46,f,ch,2025,5,835
47,f,ch,2025,5,792
48,f,ch,2025,5,786
49,f,ch,2025,5,847
50,f,ch,2025,5,790
51,f,ch,2025,5,843
52,f,ch,2025,5,882
53,f,ch,2025,5,893
54,f,ch,2025,5,987
55,f,ch,2025,5,1006
56,f,ch,2025,5,1062
57,f,ch,2025,5,1131
58,f,ch,2025,5,1135
59,f,ch,2025,5,1185
60,f,ch,2025,5,1204
61,f,ch,2025,5,1164
62,f,ch,2025,5,1120
63,f,ch,2025,5,1090
64,f,ch,2025,5,1062
65,f,ch,2025,5,1062
66,f,ch,2025,5,993
67,f,ch,2025,5,968
68,f,ch,2025,5,996
69,f,ch,2025,5,925
70,f,ch,2025,5,848
71,f,ch,2025,5,805
72,f,ch,2025,5,786
73,f,ch,2025,5,763
74,f,ch,2025,5,724
75,f,ch,2025,5,662
76,f,ch,2025,5,640
77,f,ch,2025,5,640
78,f,ch,2025,5,561
79,f,ch,2025,5,552
80,f,ch,2025,5,516
81,f,ch,2025,5,470
82,f,ch,2025,5,447
83,f,ch,2025,5,397
84,f,ch,2025,5,337
85,f,ch,2025,5,301
86,f,ch,2025,5,275
87,f,ch,2025,5,219
88,f,ch,2025,5,208
89,f,ch,2025,5,176
90,f,ch,2025,5,162
91,f,ch,2025,5,144
92,f,ch,2025,5,118
93,f,ch,2025,5,73
94,f,ch,2025,5,54
95,f,ch,2025,5,47
96,f,ch,2025,5,31
97,f,ch,2025,5,18
98,f,ch,2025,5,20
99,f,ch,2025,5,17
100,f,ch,2025,5,21
0,m,int,2025,5,113
1,m,int,2025,5,117
2,m,int,2025,5,156
3,m,int,2025,5,166
4,m,int,2025,5,160
5,m,int,2025,5,146
6,m,int,2025,5,158
7,m,int,2025,5,167
8,m,int,2025,5,153
9,m,int,2025,5,161
10,m,int,2025,5,165
11,m,int,2025,5,164
12,m,int,2025,5,152
13,m,int,2025,5,164
14,m,int,2025,5,159
15,m,int,2025,5,127
16,m,int,2025,5,156
17,m,int,2025,5,140
18,m,int,2025,5,118
19,m,int,2025,5,188
20,m,int,2025,5,151
21,m,int,2025,5,151
22,m,int,2025,5,161
23,m,int,2025,5,178
24,m,int,2025,5,175
25,m,int,2025,5,208
26,m,int,2025,5,220
27,m,int,2025,5,212
28,m,int,2025,5,251
29,m,int,2025,5,272
30,m,int,2025,5,273
31,m,int,2025,5,249
32,m,int,2025,5,303
33,m,int,2025,5,282
34,m,int,2025,5,329
35,m,int,2025,5,322
36,m,int,2025,5,352
37,m,int,2025,5,357
38,m,int,2025,5,354
39,m,int,2025,5,371
40,m,int,2025,5,341
41,m,int,2025,5,414
42,m,int,2025,5,346
43,m,int,2025,5,362
44,m,int,2025,5,374
45,m,int,2025,5,368
46,m,int,2025,5,361
47,m,int,2025,5,339
48,m,int,2025,5,272
49,m,int,2025,5,312
50,m,int,2025,5,302
51,m,int,2025,5,280
52,m,int,2025,5,290
53,m,int,2025,5,309
54,m,int,2025,5,258
55,m,int,2025,5,255
56,m,int,2025,5,274
57,m,int,2025,5,254
58,m,int,2025,5,252
59,m,int,2025,5,283
60,m,int,2025,5,233
61,m,int,2025,5,205
62,m,int,2025,5,205
63,m,int,2025,5,172
64,m,int,2025,5,143
65,m,int,2025,5,129
66,m,int,2025,5,101
67,m,int,2025,5,100
68,m,int,2025,5,84
69,m,int,2025,5,73
70,m,int,2025,5,57
71,m,int,2025,5,55
72,m,int,2025,5,44
73,m,int,2025,5,45
74,m,int,2025,5,39
75,m,int,2025,5,39
76,m,int,2025,5,36
77,m,int,2025,5,45
78,m,int,2025,5,37
79,m,int,2025,5,41
80,m,int,2025,5,23
81,m,int,2025,5,30
82,m,int,2025,5,33
83,m,int,2025,5,37
84,m,int,2025,5,20
85,m,int,2025,5,21
86,m,int,2025,5,23
87,m,int,2025,5,22
88,m,int,2025,5,9
89,m,int,2025,5,16
90,m,int,2025,5,8
91,m,int,2025,5,5
92,m,int,2025,5,3
93,m,int,2025,5,2
94,m,int,2025,5,2
95,m,int,2025,5,0
96,m,int,2025,5,0
97,m,int,2025,5,0
98,m,int,2025,5,0
99,m,int,2025,5,0
100,m,int,2025,5,0
0,f,int,2025,5,89
1,f,int,2025,5,141
2,f,int,2025,5,138
3,f,int,2025,5,163
4,f,int,2025,5,141
5,f,int,2025,5,176
6,f,int,2025,5,157
7,f,int,2025,5,163
8,f,int,2025,5,169
9,f,int,2025,5,153
10,f,int,2025,5,142
11,f,int,2025,5,157
12,f,int,2025,5,121
13,f,int,2025,5,145
14,f,int,2025,5,138
15,f,int,2025,5,143
16,f,int,2025,5,120
17,f,int,2025,5,128
18,f,int,2025,5,119
19,f,int,2025,5,113
20,f,int,2025,5,112
21,f,int,2025,5,124
22,f,int,2025,5,130
23,f,int,2025,5,124
24,f,int,2025,5,152
25,f,int,2025,5,150
26,f,int,2025,5,176
27,f,int,2025,5,182
28,f,int,2025,5,215
29,f,int,2025,5,233
30,f,int,2025,5,244
31,f,int,2025,5,231
32,f,int,2025,5,287
33,f,int,2025,5,249
34,f,int,2025,5,286
35,f,int,2025,5,277
36,f,int,2025,5,300
37,f,int,2025,5,335
38,f,int,2025,5,348
39,f,int,2025,5,338
40,f,int,2025,5,313
41,f,int,2025,5,318
42,f,int,2025,5,320
43,f,int,2025,5,307
44,f,int,2025,5,314
45,f,int,2025,5,289
46,f,int,2025,5,295
47,f,int,2025,5,289
48,f,int,2025,5,259
49,f,int,2025,5,231
50,f,int,2025,5,239
51,f,int,2025,5,243
52,f,int,2025,5,211
53,f,int,2025,5,220
54,f,int,2025,5,246
55,f,int,2025,5,210
56,f,int,2025,5,186
57,f,int,2025,5,187
58,f,int,2025,5,175
59,f,int,2025,5,193
60,f,int,2025,5,150
61,f,int,2025,5,158
62,f,int,2025,5,135
63,f,int,2025,5,130
64,f,int,2025,5,110
65,f,int,2025,5,94
66,f,int,2025,5,74
67,f,int,2025,5,72
68,f,int,2025,5,68
69,f,int,2025,5,62
70,f,int,2025,5,56
71,f,int,2025,5,54
72,f,int,2025,5,43
73,f,int,2025,5,39
74,f,int,2025,5,29
75,f,int,2025,5,37
76,f,int,2025,5,32
77,f,int,2025,5,35
78,f,int,2025,5,29
79,f,int,2025,5,33
80,f,int,2025,5,30
81,f,int,2025,5,28
82,f,int,2025,5,17
83,f,int,2025,5,17
84,f,int,2025,5,23
85,f,int,2025,5,28
86,f,int,2025,5,25
87,f,int,2025,5,19
88,f,int,2025,5,12
89,f,int,2025,5,12
90,f,int,2025,5,9
91,f,int,2025,5,1
92,f,int,2025,5,4
93,f,int,2025,5,2
94,f,int,2025,5,3
95,f,int,2025,5,3
96,f,int,2025,5,0
97,f,int,2025,5,1
98,f,int,2025,5,0
99,f,int,2025,5,0
100,f,int,2025,5,0
